{"cameraMode":{"drawMode":0,"name":"Shaded","section":"Shading Mode"},"sceneLighting":false,"audioPlay":false,"sceneViewState":{"m_AlwaysRefresh":false,"showFog":true,"showSkybox":false,"showFlares":true,"showImageEffects":true,"showParticleSystems":true,"showVisualEffectGraphs":true,"m_FxEnabled":true},"in2DMode":false,"pivot":{"x":43.548439025878909,"y":13.744678497314454,"z":10.95302677154541},"rotation":{"x":0.0008261406910605729,"y":0.9901887774467468,"z":-0.12032617628574372,"w":0.09315076470375061},"size":0.0641271322965622,"orthographic":false}