{"cameraMode":{"drawMode":0,"name":"Shaded","section":"Shading Mode"},"sceneLighting":false,"audioPlay":false,"sceneViewState":{"m_AlwaysRefresh":false,"showFog":true,"showSkybox":false,"showFlares":true,"showImageEffects":true,"showParticleSystems":true,"showVisualEffectGraphs":true,"m_FxEnabled":true},"in2DMode":false,"pivot":{"x":46.15199279785156,"y":15.21601676940918,"z":5.1973114013671879},"rotation":{"x":0.08184554427862168,"y":0.5367445349693298,"z":-0.052785612642765048,"w":0.8385826945304871},"size":4.9696760177612309,"orthographic":false}