{"cameraMode":{"drawMode":0,"name":"Shaded","section":"Shading Mode"},"sceneLighting":false,"audioPlay":false,"sceneViewState":{"m_AlwaysRefresh":false,"showFog":true,"showSkybox":false,"showFlares":true,"showImageEffects":true,"showParticleSystems":true,"showVisualEffectGraphs":true,"m_FxEnabled":true},"in2DMode":false,"pivot":{"x":46.3089485168457,"y":12.910745620727539,"z":8.779271125793457},"rotation":{"x":0.00380652560852468,"y":-1.0012803077697755,"z":0.0009603289072401822,"w":-0.02031584456562996},"size":0.9260742664337158,"orthographic":false}