{"cameraMode":{"drawMode":0,"name":"Shaded","section":"Shading Mode"},"sceneLighting":false,"audioPlay":false,"sceneViewState":{"m_AlwaysRefresh":false,"showFog":true,"showSkybox":false,"showFlares":true,"showImageEffects":true,"showParticleSystems":true,"showVisualEffectGraphs":true,"m_FxEnabled":true},"in2DMode":false,"pivot":{"x":59.78032684326172,"y":13.993358612060547,"z":-2.3679466247558595},"rotation":{"x":-0.003581579774618149,"y":0.8674183487892151,"z":0.006245673634111881,"w":0.4975678622722626},"size":12.12435531616211,"orthographic":false}