{"cameraMode":{"drawMode":0,"name":"Shaded","section":"Shading Mode"},"sceneLighting":false,"audioPlay":false,"sceneViewState":{"m_AlwaysRefresh":false,"showFog":true,"showSkybox":false,"showFlares":true,"showImageEffects":true,"showParticleSystems":true,"showVisualEffectGraphs":true,"m_FxEnabled":true},"in2DMode":false,"pivot":{"x":19.449960708618165,"y":18.275094985961915,"z":3.7415883541107179},"rotation":{"x":-0.003225821303203702,"y":0.6402285099029541,"z":0.002692555543035269,"w":0.7681778073310852},"size":0.045939747244119647,"orthographic":false}