{"cameraMode":{"drawMode":0,"name":"Shaded","section":"Shading Mode"},"sceneLighting":false,"audioPlay":false,"sceneViewState":{"m_AlwaysRefresh":false,"showFog":true,"showSkybox":false,"showFlares":true,"showImageEffects":true,"showParticleSystems":true,"showVisualEffectGraphs":true,"m_FxEnabled":true},"in2DMode":false,"pivot":{"x":48.37689208984375,"y":15.63437557220459,"z":8.536705017089844},"rotation":{"x":-0.009222975000739098,"y":-0.29273638129234316,"z":-0.007779854815453291,"w":0.9569385051727295},"size":1.277143955230713,"orthographic":false}